Loan_ID,Gender,Married,Dependents,Education,Self_Employed,ApplicantIncome,CoapplicantIncome,LoanAmount,Loan_Amount_Term,Credit_History,Property_Area
LP001015,m,Yes,0,Graduate,No,5720,0,110,360,1,Urban
LP001022,Male,Yes,1,Graduate,No,3076,1500,126,360,1,Uban
LP001031,Male,Yes,2,Graduate,No,5000,1800,208,360,1,Urban
LP001035,m,Yes,2,Graduate,No,2340,2546,100,360,,Urban
LP001051,Male,No,0,Not Graduate,No,3276,0,78,360,1,Urban
LP001054,Male,Yes,0,Not Graduate,Yes,2165,3422,152,360,1,Urban
LP001055,Female,No,1,Not Graduate,No,2226,0,59,360,1,Semiurban
LP001056,m,Yes,2,Not Graduate,No,3881,0,147,360,0,Rurl
LP001059,Male,Yes,2,Graduate,,13633,0,280,240,1,Urban
LP001067,Male,No,0,Not Graduate,No,2400,2400,123,360,1,Semiurban
LP001078,Male,No,0,Not Graduate,No,3091,0,90,360,1,Uban
LP001082,Male,Yes,1,Graduate,,2185,1516,162,360,1,Semiurban
LP001083,m,No,3+,Graduate,No,4166,0,40,180,,Urban
LP001094,Male,Yes,2,Graduate,,12173,0,166,360,0,Semiurbn
LP001096,f,No,0,Graduate,No,4666,0,124,360,1,Semiurban
LP001099,Male,No,1,Graduate,No,5667,0,131,360,1,Urban
LP001105,Male,Yes,2,Graduate,No,4583,2916,200,360,1,Urban
LP001107,Male,Yes,3+,Graduate,No,3786,333,126,360,1,Semiurban
LP001108,Male,Yes,0,Graduate,No,9226,7916,300,360,1,Urban
LP001115,Male,No,0,Graduate,No,1300,3470,100,180,1,Semiurban
LP001121,Male,Yes,1,Not Graduate,No,1888,1620,48,360,1,Urban
LP001124,Female,No,3+,Not Graduate,No,2083,0,28,180,1,Urban
LP001128,,No,0,Graduate,No,3909,0,101,360,1,Urban
LP001135,Female,No,0,Not Graduate,No,3765,0,125,360,1,Urban
LP001149,m,Yes,0,Graduate,No,5400,4380,290,360,1,Urban
LP001153,Male,No,0,Graduate,No,0,24000,148,360,0,Rural
LP001163,Male,Yes,2,Graduate,No,4363,1250,140,360,,Urban
LP001169,Male,Yes,0,Graduate,No,7500,3750,275,360,1,Urban
LP001174,Male,Yes,0,Graduate,No,3772,833,57,360,,Semiurban
LP001176,Male,No,0,Graduate,No,2942,2382,125,180,1,Urban
LP001177,Female,No,0,Not Graduate,No,2478,0,75,360,1,Semiurban
LP001183,m,Yes,2,Graduate,No,6250,820,192,360,1,Urban
LP001185,Male,No,0,Graduate,No,3268,1683,152,360,1,Semiurban
LP001187,m,Yes,0,Graduate,No,2783,2708,158,360,1,Urban
LP001190,Male,Yes,0,Graduate,No,2740,1541,101,360,1,Urban
LP001203,Male,No,0,Graduate,No,3150,0,176,360,0,Semiurbn
LP001208,m,Yes,2,Graduate,,7350,4029,185,180,1,Urban
LP001210,Male,Yes,0,Graduate,Yes,2267,2792,90,360,1,Urban
LP001211,m,No,0,Graduate,Yes,5833,0,116,360,1,Urben
LP001219,Male,No,0,Graduate,No,3643,1963,138,360,1,Urban
LP001220,Male,Yes,0,Graduate,No,5629,818,100,360,1,Uban
LP001221,f,No,0,Graduate,No,3644,0,110,360,1,Urban
LP001226,Male,Yes,0,Not Graduate,No,1750,2024,90,360,1,Semiurban
LP001230,Male,No,0,Graduate,No,6500,2600,200,360,1,Semiurban
LP001231,Female,No,0,Graduate,No,3666,0,84,360,1,Uban
LP001232,Male,Yes,0,Graduate,No,4260,3900,185,,,Urben
LP001237,Male,Yes,,Not Graduate,No,4163,1475,162,360,1,Urbun
LP001242,Male,No,0,Not Graduate,No,2356,1902,108,360,1,Semiurban
LP001268,Male,No,0,Graduate,No,6792,3338,187,,1,Urban
LP001270,Male,Yes,3+,Not Graduate,Yes,8000,250,187,360,1,Semiurban
LP001284,Male,Yes,1,Graduate,No,2419,1707,124,360,1,Urban
LP001287,,Yes,3+,Not Graduate,No,3500,833,120,360,1,Semiurban
LP001291,Male,Yes,1,Graduate,No,3500,3077,160,360,1,Semiurban
LP001298,m,Yes,2,Graduate,No,4116,1000,30,180,1,Uban
LP001312,Male,Yes,0,Not Graduate,Yes,5293,0,92,360,1,Urbun
LP001313,m,No,0,Graduate,No,2750,0,130,360,0,Urban
LP001317,Female,No,0,Not Graduate,No,4402,0,130,360,1,Rural
LP001321,Male,Yes,2,Graduate,No,3613,3539,134,180,1,Semiurban
LP001323,f,Yes,2,Graduate,No,2779,3664,176,360,0,Semiurban
LP001324,m,Yes,3+,Graduate,No,4720,0,90,180,1,Semiurban
LP001332,Male,Yes,0,Not Graduate,No,2415,1721,110,360,1,Semiurban
LP001335,Male,Yes,0,Graduate,Yes,7016,292,125,360,1,Urban
LP001338,Female,No,2,Graduate,No,4968,0,189,360,1,Semiurban
LP001347,Female,No,0,Graduate,No,2101,1500,108,360,0,Rural
LP001348,Male,Yes,3+,Not Graduate,No,4490,0,125,360,1,Uban
LP001351,Male,Yes,0,Graduate,No,2917,3583,138,360,1,Semiurban
LP001352,Male,Yes,0,Not Graduate,No,4700,0,135,360,0,Semiurban
LP001358,Male,Yes,0,Graduate,No,3445,0,130,360,0,Semiurban
LP001359,Male,Yes,0,Graduate,No,7666,0,187,360,1,Semiurben
LP001361,Male,Yes,0,Graduate,No,2458,5105,188,360,0,Rural
LP001366,Female,No,,Graduate,No,3250,0,95,360,1,Semiurban
LP001368,m,No,0,Graduate,No,4463,0,65,360,1,Semiurban
LP001375,Male,Yes,1,Graduate,,4083,1775,139,60,1,Urban
LP001380,m,Yes,0,Graduate,Yes,3900,2094,232,360,1,Rural
LP001386,Male,Yes,0,Not Graduate,No,4750,3583,144,360,1,Semiurban
LP001400,Male,No,0,Graduate,No,3583,3435,155,360,1,Urban
LP001407,Male,Yes,0,Graduate,No,3189,2367,186,360,1,Urben
LP001413,Male,No,0,Graduate,Yes,6356,0,50,360,1,Rural
LP001415,Male,Yes,1,Graduate,No,3413,4053,,360,1,Semiurban
LP001419,Female,Yes,0,Graduate,No,7950,0,185,360,1,Urban
LP001420,m,Yes,3+,Graduate,No,3829,1103,163,360,0,Urban
LP001428,Male,Yes,3+,Graduate,No,72529,0,360,360,1,Urban
LP001445,m,Yes,2,Not Graduate,No,4136,0,149,480,0,Rural
LP001446,Male,Yes,0,Graduate,No,8449,0,257,360,1,Rural
LP001450,Male,Yes,0,Graduate,No,4456,0,131,180,0,Semiurban
LP001452,m,Yes,2,Graduate,No,4635,8000,102,180,1,Rural
LP001455,m,Yes,0,Graduate,No,3571,1917,135,360,1,Urban
LP001466,Male,No,0,Graduate,No,3066,0,95,360,1,Semiurben
LP001471,m,No,2,Not Graduate,No,3235,2015,77,360,1,Semurban
LP001472,Female,No,0,Graduate,,5058,0,200,360,1,Rural
LP001475,Male,Yes,0,Graduate,Yes,3188,2286,130,360,,Rural
LP001483,Male,Yes,3+,Graduate,No,13518,0,390,360,1,Rurel
LP001486,Male,Yes,1,Graduate,No,4364,2500,185,360,1,Semiurban
LP001490,Male,Yes,2,Not Graduate,No,4766,1646,100,360,1,Semiurban
LP001496,Male,Yes,1,Graduate,No,4609,2333,123,360,0,Semiurban
LP001499,Female,Yes,3+,Graduate,No,6260,0,110,360,1,Semiurban
LP001500,Male,Yes,1,Graduate,No,3333,4200,256,360,1,Urban
LP001501,m,Yes,0,Graduate,No,3500,3250,140,360,1,Semiurban
LP001517,m,Yes,3+,Graduate,No,9719,0,61,360,1,Urbun
LP001527,Male,Yes,3+,Graduate,No,6835,0,188,360,,Semiurban
LP001534,Male,No,0,Graduate,No,4452,0,131,360,1,Rural
LP001542,f,Yes,0,Graduate,No,2262,0,,480,0,Semiurbn
LP001547,Male,Yes,1,Graduate,No,3901,0,116,360,1,Urban
LP001548,Male,Yes,2,Not Graduate,No,2687,0,50,180,1,Rurall
LP001558,Male,No,0,Graduate,No,2243,2233,107,360,,Semiurban
LP001561,f,Yes,0,Graduate,No,3417,1287,200,360,1,Semiurbn
LP001563,,No,0,Graduate,No,1596,1760,119,360,0,Urban
LP001567,m,Yes,3+,Graduate,No,4513,0,120,360,1,Rural
LP001568,Male,Yes,0,Graduate,No,4500,0,140,360,1,Semiurban
LP001573,m,Yes,0,Not Graduate,No,4523,1350,165,360,1,Uban
LP001584,f,No,0,Graduate,Yes,4742,0,108,360,1,Semiurban
LP001587,Male,Yes,,Graduate,No,4082,0,93,360,1,Semiurban
LP001589,f,No,0,Graduate,No,3417,0,102,360,1,Urban
LP001591,Female,Yes,2,Graduate,No,2922,3396,122,360,1,Semiurban
LP001599,Male,Yes,0,Graduate,No,4167,4754,160,360,1,Rural
LP001601,Male,No,3+,Graduate,No,4243,4123,157,360,,Semiurban
LP001607,Female,No,0,Not Graduate,No,0,1760,180,360,1,Semiurban
LP001611,m,Yes,1,Graduate,No,1516,2900,80,,0,Rural
LP001613,Female,No,0,Graduate,No,1762,2666,104,360,0,Urban
LP001622,m,Yes,2,Graduate,No,724,3510,213,360,0,Rural
LP001627,m,No,0,Graduate,No,3125,0,65,360,1,Urban
LP001650,Male,Yes,0,Graduate,No,2333,3803,146,360,1,Rurl
LP001651,Male,Yes,3+,Graduate,No,3350,1560,135,360,1,Urban
LP001652,Male,No,0,Graduate,No,2500,6414,187,360,0,Rurel
LP001655,Female,No,0,Graduate,No,12500,0,300,360,0,Urbun
LP001660,m,No,0,Graduate,No,4667,0,120,360,1,Semiurban
LP001662,Male,No,0,Graduate,No,6500,0,71,360,0,Urban
LP001663,Male,Yes,2,Graduate,No,7500,0,225,360,1,Urban
LP001667,Male,No,0,Graduate,No,3073,0,70,180,1,Urban
LP001695,m,Yes,1,Not Graduate,No,3321,2088,70,,1,Semiurban
LP001703,m,Yes,0,Graduate,No,3333,1270,124,360,1,Urban
LP001718,Male,No,0,Graduate,No,3391,0,132,360,1,Rurl
LP001728,Male,Yes,1,Graduate,Yes,3343,1517,105,360,1,Rual
LP001735,Female,No,1,Graduate,No,3620,0,90,360,1,Urban
LP001737,Male,No,0,Graduate,No,4000,0,83,84,1,Urban
LP001739,m,Yes,0,Graduate,No,4258,0,125,360,1,Urban
LP001742,Male,Yes,2,Graduate,No,4500,0,147,360,1,Rural
LP001757,Male,Yes,1,Graduate,No,2014,2925,120,360,1,Rural
LP001769,,No,,Graduate,No,3333,1250,110,360,1,Semiurban
LP001771,f,No,3+,Graduate,No,4083,0,103,360,,Semiurban
LP001785,Male,No,0,Graduate,No,4727,0,150,360,0,Rural
LP001787,m,Yes,3+,Graduate,No,3089,2999,100,240,1,Rural
LP001789,Male,Yes,3+,Not Graduate,,6794,528,139,360,0,Urban
LP001791,m,Yes,0,Graduate,Yes,32000,0,550,360,,Semiurban
LP001794,Male,Yes,2,Graduate,Yes,10890,0,260,12,1,Rural
LP001797,Female,No,0,Graduate,No,12941,0,150,300,1,Urban
LP001815,Male,No,0,Not Graduate,No,3276,0,90,360,1,Semiurban
LP001817,m,No,0,Not Graduate,Yes,8703,0,199,360,0,Rural
LP001818,Male,Yes,1,Graduate,No,4742,717,139,360,1,Semiurban
LP001822,Male,No,0,Graduate,No,5900,0,150,360,1,Urban
LP001827,Male,No,0,Graduate,No,3071,4309,180,360,1,Urban
LP001831,Male,Yes,0,Graduate,No,2783,1456,113,360,1,Urban
LP001842,Male,No,0,Graduate,No,5000,0,148,360,1,Rural
LP001853,Male,Yes,1,Not Graduate,No,2463,2360,117,360,0,Urban
LP001855,Male,Yes,2,Graduate,No,4855,0,72,360,1,Rural
LP001857,Male,No,0,Not Graduate,Yes,1599,2474,125,300,1,Semiurban
LP001862,Male,Yes,2,Graduate,Yes,4246,4246,214,360,1,Urban
LP001867,m,Yes,0,Graduate,No,4333,2291,133,350,1,Rural
LP001878,m,No,1,Graduate,No,5823,2529,187,360,1,Semiurban
LP001881,Male,Yes,0,Not Graduate,No,7895,0,143,360,1,Rural
LP001886,Male,No,0,Graduate,No,4150,4256,209,360,1,Rural
LP001906,m,No,0,Graduate,,2964,0,84,360,0,Semiurban
LP001909,Male,No,0,Graduate,No,5583,0,116,360,1,Urban
LP001911,Female,No,0,Graduate,No,2708,0,65,360,1,Rural
LP001921,Male,No,1,Graduate,No,3180,2370,80,240,,Rurall
LP001923,Male,No,0,Not Graduate,No,2268,0,170,360,0,Semiurban
LP001933,Male,No,2,Not Graduate,No,1141,2017,120,360,0,Urbn
LP001943,Male,Yes,0,Graduate,No,3042,3167,135,360,1,Urban
LP001950,Female,Yes,3+,Graduate,,1750,2935,94,360,0,Semiurban
LP001959,Female,Yes,1,Graduate,No,3564,0,79,360,1,Rural
LP001961,Female,No,0,Graduate,No,3958,0,110,360,1,Rural
LP001973,Male,Yes,2,Not Graduate,No,4483,0,130,360,1,Rural
LP001975,Male,Yes,0,Graduate,No,5225,0,143,360,1,Rural
LP001979,Male,No,0,Graduate,No,3017,2845,159,180,0,Urban
LP001995,Male,Yes,0,Not Graduate,No,2431,1820,110,360,0,Rural
LP001999,m,Yes,2,Graduate,,4912,4614,160,360,1,Rural
LP002007,m,Yes,2,Not Graduate,No,2500,3333,131,360,1,Urban
LP002009,f,No,0,Graduate,No,2918,0,65,360,,Rural
LP002016,Male,Yes,2,Graduate,No,5128,0,143,360,1,Rural
LP002017,Male,Yes,3+,Graduate,No,15312,0,187,360,,Urban
LP002018,Male,Yes,2,Graduate,No,3958,2632,160,360,1,Semiurban
LP002027,m,Yes,0,Graduate,No,4334,2945,165,360,1,Semiurban
LP002028,Male,Yes,2,Graduate,No,4358,0,110,360,1,Urban
LP002042,Female,Yes,1,Graduate,No,4000,3917,173,360,1,Rural
LP002045,Male,Yes,3+,Graduate,No,10166,750,150,,1,Urban
LP002046,Male,Yes,0,Not Graduate,No,4483,0,135,360,,Semiurbn
LP002047,Male,Yes,2,Not Graduate,No,4521,1184,150,360,1,Semiurban
LP002056,Male,Yes,2,Graduate,No,9167,0,235,360,1,Semiurban
LP002057,Male,Yes,0,Not Graduate,No,13083,0,,360,1,Rural
LP002059,Male,Yes,2,Graduate,No,7874,3967,336,360,1,Rural
LP002062,Female,Yes,1,Graduate,No,4333,0,132,84,1,Rural
LP002064,Male,No,0,Graduate,No,4083,0,96,360,1,Urban
LP002069,Male,Yes,2,Not Graduate,,3785,2912,180,360,0,Rural
LP002070,m,Yes,3+,Not Graduate,No,2654,1998,128,360,0,Rural
LP002077,Male,Yes,1,Graduate,No,10000,2690,412,360,1,Semiurban
LP002083,Male,No,0,Graduate,Yes,5833,0,116,360,1,Urben
LP002090,m,Yes,1,Graduate,No,4796,0,114,360,0,Semiurban
LP002096,Male,Yes,0,Not Graduate,No,2000,1600,115,360,1,Rural
LP002099,m,Yes,2,Graduate,No,2540,700,104,360,0,Urbn
LP002102,Male,Yes,0,Graduate,Yes,1900,1442,88,360,1,Rural
LP002105,m,Yes,0,Graduate,Yes,8706,0,108,480,1,Rurl
LP002107,Male,Yes,3+,Not Graduate,No,2855,542,90,360,1,Urban
LP002111,m,Yes,,Graduate,No,3016,1300,100,360,,Urban
LP002117,f,Yes,0,Graduate,No,3159,2374,108,360,1,Semiurban
LP002118,Female,No,0,Graduate,No,1937,1152,78,360,1,Semiurben
LP002123,m,Yes,0,Graduate,No,2613,2417,123,360,1,Semiurban
LP002125,m,Yes,1,Graduate,No,4960,2600,187,360,1,Semiurbn
LP002148,Male,Yes,1,Graduate,No,3074,1083,146,360,1,Semiurban
LP002152,Female,No,0,Graduate,No,4213,0,80,360,1,Urban
LP002165,,No,1,Not Graduate,No,2038,4027,100,360,1,Rural
LP002167,Female,No,0,Graduate,No,2362,0,55,360,1,Urben
LP002168,m,No,0,Graduate,No,5333,2400,200,360,0,Rural
LP002172,Male,Yes,3+,Graduate,Yes,5384,0,150,360,1,Semiurban
LP002176,Male,No,0,Graduate,No,5708,0,150,360,1,Rurl
LP002183,Male,Yes,0,Not Graduate,No,3754,3719,118,,1,Rural
LP002184,Male,Yes,0,Not Graduate,No,2914,2130,150,300,1,Uban
LP002186,Male,Yes,0,Not Graduate,No,2747,2458,118,36,1,Semiurban
LP002192,m,Yes,0,Graduate,No,7830,2183,212,360,1,Rural
LP002195,Male,Yes,1,Graduate,Yes,3507,3148,212,360,1,Rural
LP002208,Male,Yes,1,Graduate,No,3747,2139,125,360,1,Urban
LP002212,Male,Yes,0,Graduate,No,2166,2166,108,360,,Urban
LP002240,Male,Yes,0,Not Graduate,No,3500,2168,149,360,1,Rurl
LP002245,Male,Yes,2,Not Graduate,No,2896,0,80,480,1,Urban
LP002253,Female,No,1,Graduate,No,5062,0,152,300,1,Rural
LP002256,Female,No,2,Graduate,Yes,5184,0,187,360,0,Semiurban
LP002257,Female,No,0,Graduate,No,2545,0,74,360,1,Urban
LP002264,Male,Yes,0,Graduate,No,2553,1768,102,360,1,Urban
LP002270,m,Yes,1,Graduate,No,3436,3809,100,360,1,Rural
LP002279,Male,No,0,Graduate,No,2412,2755,130,360,1,Rural
LP002286,Male,Yes,3+,Not Graduate,No,5180,0,125,360,0,Urban
LP002294,Male,No,0,Graduate,No,14911,14507,130,360,1,Semiurban
LP002298,,No,0,Graduate,Yes,2860,2988,138,360,1,Urban
LP002306,Male,Yes,0,Graduate,No,1173,1594,28,180,1,Rural
LP002310,Female,No,1,Graduate,No,7600,0,92,360,1,Semiurban
LP002311,Female,Yes,0,Graduate,No,2157,1788,104,360,1,Urben
LP002316,Male,No,0,Graduate,No,2231,2774,176,360,0,Urban
LP002321,Female,No,0,Graduate,No,2274,5211,117,360,0,Semurban
LP002325,Male,Yes,2,Not Graduate,No,6166,13983,102,360,1,Rural
LP002326,Male,Yes,2,Not Graduate,No,2513,1110,107,360,1,Semurban
LP002329,Male,No,0,Graduate,No,4333,0,66,480,1,Urben
LP002333,Male,No,0,Not Graduate,No,3844,0,105,360,1,Urban
LP002339,Male,Yes,0,Graduate,No,3887,1517,105,360,0,Semiurban
LP002344,Male,Yes,0,Graduate,No,3510,828,105,360,1,Semiurban
LP002346,Male,Yes,0,Graduate,,2539,1704,125,360,0,Rurel
LP002354,Female,No,0,Not Graduate,No,2107,0,64,360,1,Semurban
LP002355,,Yes,0,Graduate,No,3186,3145,150,180,0,Semiurban
LP002358,Male,Yes,2,Graduate,Yes,5000,2166,150,360,1,Uban
LP002360,m,Yes,,Graduate,No,10000,0,,360,1,Urbn
LP002375,Male,Yes,0,Not Graduate,Yes,3943,0,64,360,1,Semiurban
LP002376,Male,No,0,Graduate,No,2925,0,40,180,1,Rural
LP002383,Male,Yes,3+,Graduate,No,3242,437,142,480,0,Urban
LP002385,Male,Yes,,Graduate,No,3863,0,70,300,1,Semiurban
LP002389,Female,No,1,Graduate,No,4028,0,131,360,1,Semiurban
LP002394,Male,Yes,2,Graduate,No,4010,1025,120,360,1,Urban
LP002397,Female,Yes,1,Graduate,No,3719,1585,114,360,1,Urban
LP002399,Male,No,0,Graduate,,2858,0,123,360,0,Rural
LP002400,Female,Yes,0,Graduate,No,3833,0,92,360,1,Rural
LP002402,m,Yes,0,Graduate,No,3333,4288,160,360,1,Urban
LP002412,Male,Yes,0,Graduate,No,3007,3725,151,360,1,Rural
LP002415,Female,No,1,Graduate,,1850,4583,81,360,,Rural
LP002417,Male,Yes,3+,Not Graduate,No,2792,2619,171,360,1,Semiurban
LP002420,Male,Yes,0,Graduate,No,2982,1550,110,360,1,Semiurban
LP002425,Male,No,0,Graduate,No,3417,738,100,360,,Rural
LP002433,Male,Yes,1,Graduate,No,18840,0,234,360,1,Rural
LP002440,Male,Yes,2,Graduate,No,2995,1120,184,360,1,Rural
LP002441,Male,No,,Graduate,No,3579,3308,138,360,,Semiurban
LP002442,f,Yes,1,Not Graduate,No,3835,1400,112,480,0,Urban
LP002445,Female,No,1,Not Graduate,No,3854,3575,117,360,1,Rural
LP002450,Male,Yes,2,Graduate,No,5833,750,49,360,0,Rural
LP002471,Male,No,0,Graduate,No,3508,0,99,360,1,Rural
LP002476,Female,Yes,3+,Not Graduate,No,1635,2444,99,360,1,Urban
LP002482,f,No,0,Graduate,Yes,3333,3916,212,360,1,Rural
LP002485,Male,No,1,Graduate,No,24797,0,240,360,1,Semiurban
LP002495,m,Yes,2,Graduate,No,5667,440,130,360,0,Semurban
LP002496,Female,No,0,Graduate,No,3500,0,94,360,0,Semiurban
LP002523,Male,Yes,3+,Graduate,No,2773,1497,108,360,1,Semiurban
LP002542,m,Yes,0,Graduate,,6500,0,144,360,1,Urban
LP002550,Female,No,0,Graduate,No,5769,0,110,180,1,Semiurban
LP002551,m,Yes,3+,Not Graduate,,3634,910,176,360,0,Semiurban
LP002553,,No,0,Graduate,No,29167,0,185,360,1,Semiurban
LP002554,Male,No,0,Graduate,No,2166,2057,122,360,1,Semiurban
LP002561,Male,Yes,0,Graduate,No,5000,0,126,360,1,Rural
LP002566,f,No,0,Graduate,No,5530,0,135,360,,Urban
LP002568,m,No,0,Not Graduate,No,9000,0,122,360,1,Rurall
LP002570,Female,Yes,2,Graduate,No,10000,11666,460,360,1,Urban
LP002572,Male,Yes,1,Graduate,,8750,0,297,360,1,Urban
LP002581,Male,Yes,0,Not Graduate,No,2157,2730,140,360,,Rural
LP002584,m,No,0,Graduate,,1972,4347,106,360,1,Rurall
LP002592,m,No,0,Graduate,No,4983,0,141,360,1,Urbun
LP002593,m,Yes,1,Graduate,No,8333,4000,,360,1,Urban
LP002599,Male,Yes,0,Graduate,No,3667,2000,170,360,1,Semiurban
LP002604,Male,Yes,2,Graduate,No,3166,2833,145,360,1,Urbn
LP002605,m,No,0,Not Graduate,No,3271,0,90,360,1,Rural
LP002609,f,Yes,0,Graduate,No,2241,2000,88,360,0,Urban
LP002610,Male,Yes,1,Not Graduate,,1792,2565,128,360,1,Urban
LP002612,f,Yes,0,Graduate,No,2666,0,84,480,1,Semiurban
LP002614,,No,0,Graduate,No,6478,0,108,360,1,Semiurban
LP002630,Male,No,0,Not Graduate,,3808,0,83,360,1,Rurl
LP002635,f,Yes,2,Not Graduate,No,3729,0,117,360,1,Semiurban
LP002639,Male,Yes,2,Graduate,No,4120,0,128,360,1,Rural
LP002644,Male,Yes,1,Graduate,Yes,7500,0,75,360,1,Urban
LP002651,m,Yes,1,Graduate,,6300,0,125,360,0,Urban
LP002654,Female,No,,Graduate,Yes,14987,0,177,360,1,Rural
LP002657,,Yes,1,Not Graduate,Yes,570,2125,68,360,1,Rural
LP002711,m,Yes,0,Graduate,No,2600,700,96,360,1,Semiurban
LP002712,Male,No,2,Not Graduate,No,2733,1083,180,360,,Semiurban
LP002721,Male,Yes,2,Graduate,Yes,7500,0,183,360,1,Rural
LP002735,Male,Yes,2,Not Graduate,No,3859,0,121,360,1,Rural
LP002744,m,Yes,1,Graduate,No,6825,0,162,360,1,Rural
LP002745,Male,Yes,0,Graduate,No,3708,4700,132,360,1,Semiurban
LP002746,Male,No,0,Graduate,No,5314,0,147,360,1,Urban
LP002747,f,No,3+,Graduate,No,2366,5272,153,360,0,Rurl
LP002754,Male,No,,Graduate,No,2066,2108,104,84,1,Urban
LP002759,Male,Yes,2,Graduate,No,5000,0,149,360,1,Rurl
LP002760,Female,No,0,Graduate,No,3767,0,134,300,1,Urban
LP002766,f,Yes,0,Graduate,No,7859,879,165,180,1,Semiurban
LP002769,f,Yes,0,Graduate,No,4283,0,120,360,1,Rural
LP002774,Male,Yes,0,Not Graduate,No,1700,2900,67,360,0,Urban
LP002775,,No,0,Not Graduate,No,4768,0,125,360,1,Rural
LP002781,Male,No,0,Graduate,No,3083,2738,120,360,1,Urbun
LP002782,m,Yes,1,Graduate,No,2667,1542,148,360,1,Rural
LP002786,Female,Yes,0,Not Graduate,No,1647,1762,181,360,1,Urbn
LP002790,m,Yes,3+,Graduate,No,3400,0,80,120,1,Urban
LP002791,Male,No,1,Graduate,,16000,5000,40,360,1,Semurban
LP002793,Male,Yes,0,Graduate,No,5333,0,90,360,1,Rural
LP002802,Male,No,0,Graduate,No,2875,2416,95,6,0,Semiurban
LP002803,m,Yes,1,Not Graduate,,2600,618,122,360,1,Semiurban
LP002805,Male,Yes,2,Graduate,No,5041,700,150,360,1,Urban
LP002806,m,Yes,3+,Graduate,Yes,6958,1411,150,360,1,Rural
LP002816,Male,Yes,1,Graduate,No,3500,1658,104,360,,Semiurban
LP002823,Male,Yes,0,Graduate,No,5509,0,143,360,1,Rurall
LP002825,Male,Yes,3+,Graduate,No,9699,0,300,360,1,Urban
LP002826,Female,Yes,1,Not Graduate,No,3621,2717,171,360,1,Urban
LP002843,Female,Yes,0,Graduate,No,4709,0,113,360,1,Semurban
LP002849,Male,Yes,0,Graduate,No,1516,1951,35,360,1,Semiurban
LP002850,m,No,2,Graduate,No,2400,0,46,360,1,Urban
LP002853,Female,No,0,Not Graduate,No,3015,2000,145,360,,Uban
LP002856,Male,Yes,0,Graduate,No,2292,1558,119,360,1,Urban
LP002857,Male,Yes,1,Graduate,Yes,2360,3355,87,240,1,Rual
LP002858,Female,No,0,Graduate,No,4333,2333,162,360,0,Rural
LP002860,Male,Yes,0,Graduate,Yes,2623,4831,122,180,1,Semiurban
LP002867,Male,No,0,Graduate,Yes,3972,4275,187,360,1,Rural
LP002869,Male,Yes,3+,Not Graduate,No,3522,0,81,180,1,Rural
LP002870,Male,Yes,1,Graduate,No,4700,0,80,360,1,Urban
LP002876,Male,No,0,Graduate,No,6858,0,176,360,1,Rurall
LP002878,Male,Yes,3+,Graduate,No,8334,0,260,360,1,Urban
LP002879,Male,Yes,0,Graduate,No,3391,1966,133,360,0,Rural
LP002885,Male,No,0,Not Graduate,No,2868,0,70,360,1,Urban
LP002890,Male,Yes,2,Not Graduate,No,3418,1380,135,360,1,Urban
LP002891,m,Yes,0,Graduate,Yes,2500,296,137,300,1,Rural
LP002899,m,Yes,2,Graduate,No,8667,0,254,360,1,Rural
LP002901,m,No,0,Graduate,No,2283,15000,106,360,,Rural
LP002907,Male,Yes,0,Graduate,No,5817,910,109,360,1,Urban
LP002920,m,Yes,0,Graduate,No,5119,3769,120,360,1,Rurel
LP002921,m,Yes,3+,Not Graduate,No,5316,187,158,180,0,Semiurban
LP002932,Male,Yes,3+,Graduate,No,7603,1213,197,360,1,Urban
LP002935,m,Yes,1,Graduate,No,3791,1936,85,360,1,Urbun
LP002952,Male,No,0,Graduate,No,2500,0,60,360,1,Urban
LP002954,Male,Yes,2,Not Graduate,No,3132,0,76,360,,Rural
LP002962,Male,No,0,Graduate,No,4000,2667,152,360,1,Semiurban
LP002965,Female,Yes,0,Graduate,No,8550,4255,96,360,,Urban
LP002969,Male,Yes,1,Graduate,No,2269,2167,99,360,1,Semiurban
LP002971,m,Yes,3+,Not Graduate,Yes,4009,1777,113,360,1,Urban
LP002975,Male,Yes,0,Graduate,No,4158,709,115,360,1,Urban
LP002980,Male,No,0,Graduate,No,3250,1993,126,360,,Semiurban
LP002986,m,Yes,0,Graduate,No,5000,2393,158,360,1,Rural
LP002989,Male,No,0,Graduate,Yes,9200,0,98,180,1,Rural
LP001002,Male,No,0,Graduate,No,5849,0,,360,1,Urban
LP001003,Male,Yes,1,Graduate,No,4583,1508,128,360,1,Rural
LP001005,Male,Yes,0,Graduate,Yes,3000,0,66,360,1,Urban
LP001006,Male,Yes,0,Not Graduate,No,2583,2358,120,360,1,Urben
LP001008,Male,No,0,Graduate,No,6000,0,141,360,1,Urban
LP001011,Male,Yes,2,Graduate,Yes,5417,4196,267,360,1,Urban
LP001013,Male,Yes,0,Not Graduate,No,2333,1516,95,360,1,Urban
LP001014,Male,Yes,3+,Graduate,No,3036,2504,158,360,0,Semiurban
LP001018,Male,Yes,2,Graduate,No,4006,1526,168,360,1,Urbun
LP001020,Male,Yes,1,Graduate,No,12841,10968,349,360,1,Semiurban
LP001024,m,Yes,2,Graduate,No,3200,700,70,360,1,Urban
LP001027,Male,Yes,2,Graduate,,2500,1840,109,360,1,Urban
LP001028,Male,Yes,2,Graduate,No,3073,8106,200,360,1,Urban
LP001029,Male,No,0,Graduate,No,1853,2840,114,360,1,Rural
LP001030,m,Yes,2,Graduate,No,1299,1086,17,120,1,Urban
LP001032,Male,No,0,Graduate,No,4950,0,125,360,1,Urben
LP001034,Male,No,1,Not Graduate,No,3596,0,100,240,,Urban
LP001036,Female,No,0,Graduate,No,3510,0,76,360,0,Urban
LP001038,Male,Yes,0,Not Graduate,No,4887,0,133,360,1,Rurl
LP001041,Male,Yes,0,Graduate,,2600,3500,115,,1,Urban
LP001043,m,Yes,0,Not Graduate,No,7660,0,104,360,0,Urban
LP001046,Male,Yes,1,Graduate,No,5955,5625,315,360,1,Urban
LP001047,Male,Yes,0,Not Graduate,No,2600,1911,116,360,0,Semurban
LP001050,,Yes,2,Not Graduate,No,3365,1917,112,360,0,Rurel
LP001052,Male,Yes,1,Graduate,,3717,2925,151,360,,Semiurban
LP001066,Male,Yes,0,Graduate,Yes,9560,0,191,360,1,Semiurbn
LP001068,Male,Yes,0,Graduate,No,2799,2253,122,360,1,Semiurban
LP001073,Male,Yes,2,Not Graduate,No,4226,1040,110,360,1,Urban
LP001086,Male,No,0,Not Graduate,No,1442,0,35,360,1,Urban
LP001087,f,No,2,Graduate,,3750,2083,120,360,1,Semiurben
LP001091,Male,Yes,1,Graduate,,4166,3369,201,360,,Urban
LP001095,m,No,0,Graduate,No,3167,0,74,360,1,Uban
LP001097,Male,No,1,Graduate,Yes,4692,0,106,360,1,Rural
LP001098,Male,Yes,0,Graduate,No,3500,1667,114,360,1,Semiurban
LP001100,Male,No,3+,Graduate,No,12500,3000,320,360,1,Rurel
LP001106,Male,Yes,0,Graduate,No,2275,2067,,360,1,Urban
LP001109,Male,Yes,0,Graduate,No,1828,1330,100,,0,Urban
LP001112,Female,Yes,0,Graduate,No,3667,1459,144,360,1,Semiurban
LP001114,Male,No,0,Graduate,No,4166,7210,184,360,1,Urban
LP001116,Male,No,0,Not Graduate,No,3748,1668,110,360,1,Semiurban
LP001119,m,No,0,Graduate,No,3600,0,80,360,1,Urban
LP001120,m,No,0,Graduate,No,1800,1213,47,360,1,Urban
LP001123,Male,Yes,0,Graduate,No,2400,0,75,360,,Urban
LP001131,Male,Yes,0,Graduate,No,3941,2336,134,360,1,Semiurben
LP001136,Male,Yes,0,Not Graduate,Yes,4695,0,96,,1,Urban
LP001137,Female,No,0,Graduate,No,3410,0,88,,1,Urban
LP001138,Male,Yes,1,Graduate,No,5649,0,44,360,1,Urban
LP001144,Male,Yes,0,Graduate,No,5821,0,144,360,1,Urban
LP001146,Female,Yes,0,Graduate,No,2645,3440,120,360,0,Urban
LP001151,Female,No,0,Graduate,No,4000,2275,144,360,1,Semiurbn
LP001155,Female,Yes,0,Not Graduate,No,1928,1644,100,360,1,Semiurban
LP001157,Female,No,0,Graduate,No,3086,0,120,360,1,Semiurban
LP001164,Female,No,0,Graduate,No,4230,0,112,360,1,Semiurban
LP001179,Male,Yes,2,Graduate,No,4616,0,134,360,1,Urban
LP001186,f,Yes,1,Graduate,Yes,11500,0,286,360,0,Urbn
LP001194,Male,Yes,2,Graduate,No,2708,1167,97,360,1,Semiurban
LP001195,m,Yes,0,Graduate,No,2132,1591,96,360,1,Semiurbn
LP001197,m,Yes,0,Graduate,No,3366,2200,135,360,1,Rural
LP001198,Male,Yes,1,Graduate,No,8080,2250,180,360,1,Urban
LP001199,Male,Yes,2,Not Graduate,No,3357,2859,144,360,1,Urban
LP001205,Male,Yes,0,Graduate,No,2500,3796,120,360,1,Urban
LP001206,Male,Yes,3+,Graduate,No,3029,0,99,360,1,Urban
LP001207,Male,Yes,0,Not Graduate,Yes,2609,3449,165,180,0,Rural
LP001213,Male,Yes,1,Graduate,No,4945,0,,360,0,Rural
LP001222,Female,No,0,Graduate,No,4166,0,116,360,0,Semiurban
LP001225,Male,Yes,0,Graduate,No,5726,4595,258,360,1,Semiurban
LP001228,Male,No,0,Not Graduate,No,3200,2254,126,180,0,Urban
LP001233,Male,Yes,1,Graduate,No,10750,0,312,360,1,Urban
LP001238,Male,Yes,3+,Not Graduate,Yes,7100,0,125,60,1,Urban
LP001241,Female,No,0,Graduate,No,4300,0,136,360,0,Semiurban
LP001243,Male,Yes,0,Graduate,No,3208,3066,172,360,1,Urbun
LP001245,m,Yes,2,Not Graduate,Yes,1875,1875,97,360,1,Semiurban
LP001248,Male,No,0,Graduate,No,3500,0,81,300,1,Semiurban
LP001250,Male,Yes,3+,Not Graduate,No,4755,0,95,,0,Semiurban
LP001253,Male,Yes,3+,Graduate,Yes,5266,1774,187,360,1,Semiurbn
LP001255,m,No,0,Graduate,No,3750,0,113,480,1,Urban
LP001256,Male,No,0,Graduate,No,3750,4750,176,360,1,Urban
LP001259,Male,Yes,1,Graduate,Yes,1000,3022,110,360,1,Urban
LP001263,Male,Yes,3+,Graduate,No,3167,4000,180,300,0,Semiurbn
LP001264,m,Yes,3+,Not Graduate,Yes,3333,2166,130,360,,Semiurbn
LP001265,Female,No,0,Graduate,No,3846,0,111,360,1,Semiurban
LP001266,Male,Yes,1,Graduate,Yes,2395,0,,360,1,Semiurban
LP001267,Female,Yes,2,Graduate,No,1378,1881,167,360,1,Urban
LP001273,Male,Yes,0,Graduate,No,6000,2250,265,360,,Semiurban
LP001275,Male,Yes,1,Graduate,No,3988,0,50,240,1,Urban
LP001279,Male,No,0,Graduate,No,2366,2531,136,360,1,Semiurban
LP001280,Male,Yes,2,Not Graduate,No,3333,2000,99,360,,Semiurbn
LP001282,Male,Yes,0,Graduate,No,2500,2118,104,360,1,Semiurban
LP001289,Male,No,0,Graduate,No,8566,0,210,360,1,Urban
LP001310,Male,Yes,0,Graduate,No,5695,4167,175,360,1,Semiurban
LP001316,Male,Yes,0,Graduate,No,2958,2900,131,360,1,Semiurban
LP001318,Male,Yes,2,Graduate,No,6250,5654,188,180,1,Semiurban
LP001319,m,Yes,2,Not Graduate,No,3273,1820,81,360,1,Urban
LP001322,Male,No,0,Graduate,No,4133,0,122,360,1,Semiurban
LP001325,Male,No,0,Not Graduate,No,3620,0,25,120,1,Semiurbn
LP001326,Male,No,0,Graduate,,6782,0,,360,,Urban
LP001327,f,Yes,0,Graduate,No,2484,2302,137,360,1,Semiurban
LP001333,m,Yes,0,Graduate,No,1977,997,50,360,1,Semiurban
LP001334,Male,Yes,0,Not Graduate,No,4188,0,115,180,1,Semiurban
LP001343,Male,Yes,0,Graduate,No,1759,3541,131,360,1,Semiurban
LP001345,m,Yes,2,Not Graduate,No,4288,3263,133,180,1,Urban
LP001349,m,No,0,Graduate,No,4843,3806,151,360,1,Semiurban
LP001350,Male,Yes,,Graduate,No,13650,0,,360,1,Urban
LP001356,m,Yes,0,Graduate,No,4652,3583,,360,1,Semiurban
LP001357,Male,,,Graduate,No,3816,754,160,360,1,Urban
LP001367,Male,Yes,1,Graduate,No,3052,1030,100,360,1,Urban
LP001369,Male,Yes,2,Graduate,No,11417,1126,225,360,1,Urbun
LP001370,Male,No,0,Not Graduate,,7333,0,120,360,1,Rural
LP001379,Male,Yes,2,Graduate,No,3800,3600,216,360,0,Urban
LP001384,m,Yes,3+,Not Graduate,No,2071,754,94,480,1,Semiurban
LP001385,Male,No,0,Graduate,No,5316,0,136,360,1,Urban
LP001387,Female,Yes,0,Graduate,,2929,2333,139,360,1,Semiurban
LP001391,Male,Yes,0,Not Graduate,No,3572,4114,152,,0,Rurall
LP001392,f,No,1,Graduate,Yes,7451,0,,360,1,Semiurban
LP001398,m,No,0,Graduate,,5050,0,118,360,1,Semiurbn
LP001401,Male,Yes,1,Graduate,No,14583,0,185,180,1,Rural
LP001404,Female,Yes,0,Graduate,No,3167,2283,154,360,1,Semurban
LP001405,Male,Yes,1,Graduate,No,2214,1398,85,360,,Urban
LP001421,Male,Yes,0,Graduate,No,5568,2142,175,360,1,Rural
LP001422,Female,No,0,Graduate,No,10408,0,259,360,1,Urban
LP001426,Male,Yes,,Graduate,No,5667,2667,180,360,1,Rural
LP001430,Female,No,0,Graduate,No,4166,0,44,360,1,Semiurban
LP001431,Female,No,0,Graduate,No,2137,8980,137,360,0,Semiurban
LP001432,m,Yes,2,Graduate,No,2957,0,81,360,1,Semiurban
LP001439,m,Yes,0,Not Graduate,No,4300,2014,194,360,1,Rural
LP001443,Female,No,0,Graduate,No,3692,0,93,360,,Rural
LP001448,,Yes,3+,Graduate,No,23803,0,370,360,1,Rurel
LP001449,m,No,0,Graduate,No,3865,1640,,360,1,Rural
LP001451,m,Yes,1,Graduate,Yes,10513,3850,160,180,0,Uban
LP001465,Male,Yes,0,Graduate,No,6080,2569,182,360,,Rural
LP001469,Male,No,0,Graduate,Yes,20166,0,650,480,,Urban
LP001473,Male,No,0,Graduate,No,2014,1929,74,360,1,Urban
LP001478,m,No,0,Graduate,No,2718,0,70,360,1,Semiurban
LP001482,Male,Yes,0,Graduate,Yes,3459,0,25,120,1,Semiurban
LP001487,Male,No,0,Graduate,No,4895,0,102,360,1,Semurban
LP001488,Male,Yes,3+,Graduate,No,4000,7750,290,360,1,Semiurban
LP001489,Female,Yes,0,Graduate,No,4583,0,84,360,1,Rual
LP001491,Male,Yes,2,Graduate,Yes,3316,3500,88,360,1,Urban
LP001492,Male,No,0,Graduate,No,14999,0,242,360,0,Semiurben
LP001493,Male,Yes,2,Not Graduate,No,4200,1430,129,360,1,Rural
LP001497,Male,Yes,2,Graduate,No,5042,2083,185,360,1,Rural
LP001498,Male,No,0,Graduate,No,5417,0,168,360,1,Urban
LP001504,Male,No,0,Graduate,Yes,6950,0,175,180,1,Semiurban
LP001507,Male,Yes,0,Graduate,No,2698,2034,122,360,1,Semiurban
LP001508,m,Yes,2,Graduate,No,11757,0,187,180,1,Urban
LP001514,Female,Yes,0,Graduate,No,2330,4486,100,360,1,Semiurban
LP001516,Female,Yes,2,Graduate,No,14866,0,70,360,1,Uban
LP001518,Male,Yes,1,Graduate,No,1538,1425,30,360,1,Uban
LP001519,f,No,0,Graduate,No,10000,1666,225,360,1,Rual
LP001520,Male,Yes,0,Graduate,No,4860,830,125,360,1,Semiurban
LP001528,m,No,0,Graduate,No,6277,0,118,360,0,Rural
LP001529,Male,Yes,0,Graduate,Yes,2577,3750,152,360,1,Rurl
LP001531,m,No,0,Graduate,No,9166,0,244,360,1,Urban
LP001532,Male,Yes,2,Not Graduate,No,2281,0,113,360,1,Rurel
LP001535,Male,No,0,Graduate,No,3254,0,50,360,1,Urben
LP001536,Male,Yes,3+,Graduate,No,39999,0,600,180,0,Semiurban
LP001541,Male,Yes,1,Graduate,No,6000,0,160,360,,Rural
LP001543,Male,Yes,1,Graduate,No,9538,0,187,360,1,Urban
LP001546,Male,No,0,Graduate,,2980,2083,120,360,1,Rural
LP001552,Male,Yes,0,Graduate,No,4583,5625,255,360,1,Semiurban
LP001560,Male,Yes,0,Not Graduate,No,1863,1041,98,360,1,Semiurban
LP001562,Male,Yes,0,Graduate,No,7933,0,275,360,1,Urben
LP001565,Male,Yes,1,Graduate,No,3089,1280,121,360,0,Semiurban
LP001570,Male,Yes,2,Graduate,No,4167,1447,158,360,1,Rural
LP001572,Male,Yes,0,Graduate,No,9323,0,75,180,1,Urban
LP001574,Male,Yes,0,Graduate,No,3707,3166,182,,1,Rural
LP001577,Female,Yes,0,Graduate,No,4583,0,112,360,1,Rural
LP001578,Male,Yes,0,Graduate,No,2439,3333,129,360,1,Rurall
LP001579,Male,No,0,Graduate,No,2237,0,63,480,0,Semurban
LP001580,Male,Yes,2,Graduate,No,8000,0,200,360,1,Semiurban
LP001581,Male,Yes,0,Not Graduate,,1820,1769,95,360,1,Rural
LP001585,,Yes,3+,Graduate,No,51763,0,700,300,1,Urban
LP001586,Male,Yes,3+,Not Graduate,No,3522,0,81,180,1,Rural
LP001594,m,Yes,0,Graduate,No,5708,5625,187,360,1,Semiurban
LP001603,Male,Yes,0,Not Graduate,Yes,4344,736,87,360,1,Semiurban
LP001606,Male,Yes,0,Graduate,No,3497,1964,116,360,1,Rural
LP001608,m,Yes,2,Graduate,No,2045,1619,101,360,1,Rural
LP001610,m,Yes,3+,Graduate,No,5516,11300,495,360,0,Semiurban
LP001616,Male,Yes,1,Graduate,No,3750,0,116,360,1,Semiurban
LP001630,Male,No,0,Not Graduate,No,2333,1451,102,480,0,Urban
LP001633,Male,Yes,1,Graduate,No,6400,7250,180,360,0,Urban
LP001634,Male,No,0,Graduate,No,1916,5063,67,360,,Rural
LP001636,m,Yes,0,Graduate,No,4600,0,73,180,1,Semiurban
LP001637,Male,Yes,1,Graduate,No,33846,0,260,360,1,Semiurban
LP001639,Female,Yes,0,Graduate,No,3625,0,108,360,1,Semiurban
LP001640,Male,Yes,0,Graduate,Yes,39147,4750,120,360,1,Semiurban
LP001641,Male,Yes,1,Graduate,Yes,2178,0,66,300,0,Rural
LP001643,Male,Yes,0,Graduate,No,2383,2138,58,360,,Rural
LP001644,,Yes,0,Graduate,Yes,674,5296,168,360,1,Rural
LP001647,Male,Yes,0,Graduate,No,9328,0,188,180,1,Rural
LP001653,Male,No,0,Not Graduate,No,4885,0,48,360,1,Rural
LP001656,m,No,0,Graduate,No,12000,0,164,360,1,Semiurban
LP001657,Male,Yes,0,Not Graduate,No,6033,0,160,360,1,Urban
LP001658,Male,No,0,Graduate,No,3858,0,76,360,1,Semiurban
LP001664,Male,No,0,Graduate,No,4191,0,120,360,1,Rural
LP001665,Male,Yes,1,Graduate,No,3125,2583,170,360,1,Semiurban
LP001666,Male,No,0,Graduate,No,8333,3750,187,360,1,Rural
LP001669,Female,No,0,Not Graduate,No,1907,2365,120,,1,Urben
LP001671,Female,Yes,0,Graduate,No,3416,2816,113,360,,Semiurban
LP001673,Male,No,0,Graduate,Yes,11000,0,83,360,1,Urban
LP001674,Male,Yes,1,Not Graduate,No,2600,2500,90,360,1,Semiurben
LP001677,Male,No,2,Graduate,No,4923,0,166,360,0,Semiurban
LP001682,Male,Yes,3+,Not Graduate,No,3992,0,,180,1,Urban
LP001688,Male,Yes,1,Not Graduate,No,3500,1083,135,360,1,Urban
LP001691,Male,Yes,2,Not Graduate,No,3917,0,124,360,1,Semiurbn
LP001692,Female,No,0,Not Graduate,No,4408,0,120,360,1,Semiurban
LP001693,Female,No,0,Graduate,No,3244,0,80,360,1,Urben
LP001698,Male,No,0,Not Graduate,No,3975,2531,55,360,1,Rural
LP001699,Male,No,0,Graduate,No,2479,0,59,360,1,Urban
LP001702,m,No,0,Graduate,No,3418,0,127,360,1,Semiurban
LP001708,f,No,0,Graduate,No,10000,0,214,360,1,Semurban
LP001711,Male,Yes,3+,Graduate,No,3430,1250,128,360,0,Semiurban
LP001713,Male,Yes,1,Graduate,Yes,7787,0,240,360,1,Urban
LP001715,Male,Yes,3+,Not Graduate,Yes,5703,0,130,360,1,Rual
LP001716,Male,Yes,0,Graduate,No,3173,3021,137,360,1,Urban
LP001720,m,Yes,3+,Not Graduate,No,3850,983,100,360,1,Semiurban
LP001722,Male,Yes,0,Graduate,No,150,1800,135,360,1,Rual
LP001726,Male,Yes,0,Graduate,No,3727,1775,131,360,1,Semiurban
LP001732,Male,Yes,2,Graduate,,5000,0,72,360,0,Semiurban
LP001734,Female,Yes,2,Graduate,No,4283,2383,127,360,,Semiurban
LP001736,Male,Yes,0,Graduate,No,2221,0,60,360,0,Urban
LP001743,m,Yes,2,Graduate,No,4009,1717,116,360,1,Semiurban
LP001744,m,No,0,Graduate,No,2971,2791,144,360,1,Semiurban
LP001749,Male,Yes,0,Graduate,No,7578,1010,175,,1,Semiurban
LP001750,Male,Yes,0,Graduate,No,6250,0,128,360,1,Semiurbn
LP001751,m,Yes,0,Graduate,No,3250,0,170,360,1,Rural
LP001754,Male,Yes,,Not Graduate,Yes,4735,0,138,360,1,Urban
LP001758,Male,Yes,2,Graduate,No,6250,1695,210,360,1,Semiurban
LP001760,Male,,,Graduate,No,4758,0,158,480,1,Semiurban
LP001761,Male,No,0,Graduate,Yes,6400,0,200,360,1,Rural
LP001765,Male,Yes,1,Graduate,No,2491,2054,104,360,1,Semiurban
LP001768,m,Yes,0,Graduate,,3716,0,42,180,1,Rurl
LP001770,Male,No,0,Not Graduate,No,3189,2598,120,,1,Rural
LP001776,f,No,0,Graduate,No,8333,0,280,360,1,Semiurbn
LP001778,Male,Yes,1,Graduate,No,3155,1779,140,360,1,Semiurban
LP001784,Male,Yes,1,Graduate,No,5500,1260,170,360,1,Rural
LP001786,Male,Yes,0,Graduate,,5746,0,255,360,,Urbun
LP001788,Female,No,0,Graduate,Yes,3463,0,122,360,,Urban
LP001790,Female,No,1,Graduate,No,3812,0,112,360,1,Rural
LP001792,Male,Yes,1,Graduate,No,3315,0,96,360,1,Semurban
LP001798,Male,Yes,2,Graduate,No,5819,5000,120,360,1,Rural
LP001800,m,Yes,1,Not Graduate,No,2510,1983,140,180,1,Urban
LP001806,Male,No,0,Graduate,No,2965,5701,155,60,1,Urben
LP001807,Male,Yes,2,Graduate,Yes,6250,1300,108,360,1,Rural
LP001811,Male,Yes,0,Not Graduate,No,3406,4417,123,360,1,Semiurbn
LP001813,Male,No,0,Graduate,Yes,6050,4333,120,180,1,Urban
LP001814,Male,Yes,2,Graduate,No,9703,0,112,360,1,Urban
LP001819,Male,Yes,1,Not Graduate,No,6608,0,137,180,1,Uban
LP001824,Male,Yes,1,Graduate,No,2882,1843,123,480,1,Semiurban
LP001825,Male,Yes,0,Graduate,No,1809,1868,90,360,1,Urban
LP001835,Male,Yes,0,Not Graduate,No,1668,3890,201,360,0,Semiurban
LP001836,Female,No,2,Graduate,No,3427,0,138,360,1,Urban
LP001841,Male,No,0,Not Graduate,Yes,2583,2167,104,360,1,Rural
LP001843,m,Yes,1,Not Graduate,No,2661,7101,279,180,1,Semiurbn
LP001844,Male,No,0,Graduate,Yes,16250,0,192,360,0,Urban
LP001846,Female,No,3+,Graduate,No,3083,0,255,360,1,Rural
LP001849,Male,No,0,Not Graduate,No,6045,0,115,360,0,Rurel
LP001854,m,Yes,3+,Graduate,No,5250,0,94,360,1,Urbun
LP001859,Male,Yes,0,Graduate,No,14683,2100,304,360,1,Rual
LP001864,Male,Yes,3+,Not Graduate,No,4931,0,128,360,,Semiurban
LP001865,Male,Yes,1,Graduate,No,6083,4250,330,360,,Urban
LP001868,Male,No,0,Graduate,No,2060,2209,134,360,1,Semiurban
LP001870,Female,No,1,Graduate,No,3481,0,155,36,1,Semiurban
LP001871,Female,No,0,Graduate,No,7200,0,120,360,1,Rual
LP001872,m,No,0,Graduate,Yes,5166,0,128,360,1,Semiurban
LP001875,Male,No,0,Graduate,No,4095,3447,151,360,1,Rural
LP001877,Male,Yes,2,Graduate,No,4708,1387,150,360,1,Semiurban
LP001882,Male,Yes,3+,Graduate,No,4333,1811,160,360,0,Urban
LP001883,Female,No,0,Graduate,,3418,0,135,360,1,Rural
LP001884,f,No,1,Graduate,No,2876,1560,90,360,1,Urbn
LP001888,Female,No,0,Graduate,No,3237,0,30,360,1,Urban
LP001891,Male,Yes,0,Graduate,No,11146,0,136,360,1,Urban
LP001892,Male,No,0,Graduate,No,2833,1857,126,360,1,Rural
LP001894,m,Yes,0,Graduate,No,2620,2223,150,360,1,Semiurban
LP001896,m,Yes,2,Graduate,No,3900,0,90,360,1,Semiurben
LP001900,Male,Yes,1,Graduate,No,2750,1842,115,360,1,Semiurbn
LP001903,Male,Yes,0,Graduate,No,3993,3274,207,360,1,Semiurban
LP001904,Male,Yes,0,Graduate,No,3103,1300,80,360,1,Urban
LP001907,Male,Yes,0,Graduate,No,14583,0,436,360,1,Semiurbn
LP001908,Female,Yes,0,Not Graduate,No,4100,0,124,360,,Rural
LP001910,m,No,1,Not Graduate,Yes,4053,2426,158,360,0,Urban
LP001914,Male,Yes,0,Graduate,No,3927,800,112,360,1,Semiurban
LP001915,m,Yes,2,Graduate,No,2301,985.7999878,78,180,1,Uban
LP001917,f,No,0,Graduate,No,1811,1666,54,360,1,Urban
LP001922,Male,Yes,0,Graduate,No,20667,0,,360,1,Rural
LP001924,m,No,0,Graduate,No,3158,3053,89,360,1,Rurall
LP001925,Female,No,0,Graduate,Yes,2600,1717,99,300,1,Semiurben
LP001926,Male,Yes,0,Graduate,No,3704,2000,120,360,1,Rural
LP001931,Female,No,0,Graduate,No,4124,0,115,360,1,Semiurban
LP001935,Male,No,0,Graduate,No,9508,0,187,360,1,Rural
LP001936,Male,Yes,0,Graduate,No,3075,2416,139,360,1,Rurall
LP001938,Male,Yes,2,Graduate,No,4400,0,127,360,0,Semiurban
LP001940,Male,Yes,2,Graduate,No,3153,1560,134,360,1,Urben
LP001945,Female,No,,Graduate,No,5417,0,143,480,0,Urban
LP001947,Male,Yes,0,Graduate,No,2383,3334,172,360,1,Semiurbn
LP001949,Male,Yes,3+,Graduate,,4416,1250,110,360,1,Uban
LP001953,Male,Yes,1,Graduate,No,6875,0,200,360,1,Semiurban
LP001954,Female,Yes,1,Graduate,No,4666,0,135,360,1,Uban
LP001955,Female,No,0,Graduate,No,5000,2541,151,480,1,Rural
LP001963,Male,Yes,1,Graduate,No,2014,2925,113,360,1,Urban
LP001964,Male,Yes,0,Not Graduate,No,1800,2934,93,360,0,Urban
LP001972,Male,Yes,,Not Graduate,No,2875,1750,105,360,1,Semiurban
LP001974,f,No,0,Graduate,No,5000,0,132,360,1,Rurel
LP001977,Male,Yes,1,Graduate,No,1625,1803,96,360,1,Urban
LP001978,Male,No,0,Graduate,No,4000,2500,140,360,1,Rural
LP001990,Male,No,0,Not Graduate,No,2000,0,,360,1,Urban
LP001993,Female,No,0,Graduate,No,3762,1666,135,360,1,Rual
LP001994,Female,No,0,Graduate,No,2400,1863,104,360,0,Urban
LP001996,Male,No,0,Graduate,No,20233,0,480,360,1,Rural
LP001998,Male,Yes,2,Not Graduate,No,7667,0,185,360,,Rural
LP002002,f,No,0,Graduate,No,2917,0,84,360,1,Semiurban
LP002004,Male,No,0,Not Graduate,No,2927,2405,111,360,1,Semurban
LP002006,Female,No,0,Graduate,No,2507,0,56,360,1,Rurel
LP002008,Male,Yes,2,Graduate,Yes,5746,0,144,84,,Rural
LP002024,,Yes,0,Graduate,No,2473,1843,159,360,1,Rural
LP002031,m,Yes,1,Not Graduate,No,3399,1640,111,180,1,Urban
LP002035,m,Yes,2,Graduate,No,3717,0,120,360,1,Semiurben
LP002036,Male,Yes,0,Graduate,No,2058,2134,88,360,,Urban
LP002043,Female,No,1,Graduate,No,3541,0,112,360,,Semiurban
LP002050,m,Yes,1,Graduate,Yes,10000,0,155,360,1,Rural
LP002051,Male,Yes,0,Graduate,No,2400,2167,115,360,1,Semiurban
LP002053,m,Yes,3+,Graduate,No,4342,189,124,360,1,Semiurban
LP002054,m,Yes,2,Not Graduate,No,3601,1590,,360,1,Rural
LP002055,Female,No,0,Graduate,No,3166,2985,132,360,,Rural
LP002065,Male,Yes,3+,Graduate,No,15000,0,300,360,1,Rural
LP002067,Male,Yes,1,Graduate,Yes,8666,4983,376,360,0,Rural
LP002068,m,No,0,Graduate,No,4917,0,130,360,0,Rural
LP002082,Male,Yes,0,Graduate,Yes,5818,2160,184,360,1,Semiurban
LP002086,Female,Yes,0,Graduate,No,4333,2451,110,360,1,Urbun
LP002087,Female,No,0,Graduate,No,2500,0,67,360,1,Urban
LP002097,m,No,1,Graduate,No,4384,1793,117,360,1,Urban
LP002098,m,No,0,Graduate,No,2935,0,98,360,1,Semiurbn
LP002100,Male,No,,Graduate,No,2833,0,71,360,1,Urben
LP002101,Male,Yes,0,Graduate,,63337,0,490,180,1,Urban
LP002103,,Yes,1,Graduate,Yes,9833,1833,182,180,1,Urban
LP002106,Male,Yes,,Graduate,Yes,5503,4490,70,,1,Semiurbn
LP002110,Male,Yes,1,Graduate,,5250,688,160,360,1,Rurel
LP002112,Male,Yes,2,Graduate,Yes,2500,4600,176,360,1,Rural
LP002113,Female,No,3+,Not Graduate,No,1830,0,,360,0,Urban
LP002114,f,No,0,Graduate,No,4160,0,71,360,1,Semiurban
LP002115,m,Yes,3+,Not Graduate,No,2647,1587,173,360,1,Rurall
LP002116,f,No,0,Graduate,No,2378,0,46,360,1,Rural
LP002119,Male,Yes,1,Not Graduate,No,4554,1229,158,360,1,Urban
LP002126,Male,Yes,3+,Not Graduate,No,3173,0,74,360,1,Semiurban
LP002128,Male,Yes,2,Graduate,,2583,2330,125,360,1,Rural
LP002129,m,Yes,0,Graduate,No,2499,2458,160,360,1,Semiurban
LP002130,Male,Yes,,Not Graduate,No,3523,3230,152,360,0,Rural
LP002131,Male,Yes,2,Not Graduate,No,3083,2168,126,360,1,Urban
LP002137,m,Yes,0,Graduate,No,6333,4583,259,360,,Semiurben
LP002138,m,Yes,0,Graduate,No,2625,6250,187,360,1,Rural
LP002139,Male,Yes,0,Graduate,No,9083,0,228,360,1,Semiurban
LP002140,Male,No,0,Graduate,No,8750,4167,308,360,1,Rural
LP002141,Male,Yes,3+,Graduate,No,2666,2083,95,360,1,Rural
LP002142,Female,Yes,0,Graduate,Yes,5500,0,105,360,0,Rurall
LP002143,Female,Yes,0,Graduate,No,2423,505,130,360,1,Semiurban
LP002144,Female,No,,Graduate,No,3813,0,116,180,1,Urban
LP002149,m,Yes,2,Graduate,No,8333,3167,165,360,1,Rural
LP002151,Male,Yes,1,Graduate,No,3875,0,67,360,1,Urban
LP002158,Male,Yes,0,Not Graduate,No,3000,1666,100,480,0,Urban
LP002160,Male,Yes,3+,Graduate,No,5167,3167,200,360,1,Semiurban
LP002161,Female,No,1,Graduate,No,4723,0,81,360,1,Semiurban
LP002170,m,Yes,2,Graduate,No,5000,3667,236,360,1,Semiurban
LP002175,Male,Yes,0,Graduate,No,4750,2333,130,360,1,Urban
LP002178,Male,Yes,0,Graduate,No,3013,3033,95,300,,Urban
LP002180,Male,No,0,Graduate,Yes,6822,0,141,360,1,Rural
LP002181,Male,No,0,Not Graduate,No,6216,0,133,360,1,Rural
LP002187,Male,No,0,Graduate,No,2500,0,96,480,1,Semiurban
LP002188,m,No,0,Graduate,No,5124,0,124,,0,Rurel
LP002190,Male,Yes,1,Graduate,No,6325,0,175,360,1,Semiurban
LP002191,Male,Yes,0,Graduate,No,19730,5266,570,360,1,Rural
LP002194,Female,No,0,Graduate,Yes,15759,0,55,360,1,Semiurban
LP002197,Male,Yes,2,Graduate,No,5185,0,155,360,1,Semiurban
LP002201,Male,Yes,2,Graduate,Yes,9323,7873,380,300,1,Rurel
LP002205,Male,No,1,Graduate,No,3062,1987,111,180,0,Urbn
LP002209,f,No,0,Graduate,,2764,1459,110,360,1,Urban
LP002211,Male,Yes,0,Graduate,No,4817,923,120,180,1,Urban
LP002219,Male,Yes,3+,Graduate,No,8750,4996,130,360,1,Rurall
LP002223,Male,Yes,0,Graduate,No,4310,0,130,360,,Semiurbn
LP002224,Male,No,0,Graduate,No,3069,0,71,480,1,Urben
LP002225,Male,Yes,2,Graduate,No,5391,0,130,360,1,Urban
LP002226,m,Yes,0,Graduate,,3333,2500,128,360,1,Semiurban
LP002229,Male,No,0,Graduate,No,5941,4232,296,360,1,Semiurban
LP002231,Female,No,0,Graduate,No,6000,0,156,360,1,Uban
LP002234,Male,No,0,Graduate,Yes,7167,0,128,360,1,Urben
LP002236,Male,Yes,2,Graduate,No,4566,0,100,360,1,Urban
LP002237,Male,No,1,Graduate,,3667,0,113,180,1,Urban
LP002239,Male,No,0,Not Graduate,No,2346,1600,132,360,1,Semiurban
LP002243,m,Yes,0,Not Graduate,No,3010,3136,,360,0,Urban
LP002244,m,Yes,0,Graduate,No,2333,2417,136,360,1,Uban
LP002250,Male,Yes,0,Graduate,No,5488,0,125,360,1,Rural
LP002255,Male,No,3+,Graduate,No,9167,0,185,360,1,Rural
LP002262,Male,Yes,3+,Graduate,No,9504,0,275,360,1,Rural
LP002263,Male,Yes,0,Graduate,No,2583,2115,120,360,,Urban
LP002265,m,Yes,2,Not Graduate,No,1993,1625,113,180,1,Semiurban
LP002266,m,Yes,2,Graduate,No,3100,1400,113,360,1,Urban
LP002272,Male,Yes,2,Graduate,No,3276,484,135,360,,Semiurban
LP002277,Female,No,0,Graduate,No,3180,0,71,360,0,Uban
LP002281,Male,Yes,0,Graduate,No,3033,1459,95,360,1,Urban
LP002284,Male,No,0,Not Graduate,No,3902,1666,109,360,1,Rural
LP002287,f,No,0,Graduate,No,1500,1800,103,360,0,Semiurban
LP002288,Male,Yes,2,Not Graduate,No,2889,0,45,180,0,Urban
LP002296,Male,No,0,Not Graduate,No,2755,0,65,300,1,Rural
LP002297,m,No,0,Graduate,No,2500,20000,103,360,1,Semiurbn
LP002300,Female,No,0,Not Graduate,No,1963,0,53,360,1,Semiurben
LP002301,f,No,0,Graduate,Yes,7441,0,194,360,1,Rural
LP002305,Female,No,0,Graduate,No,4547,0,115,360,1,Semiurban
LP002308,Male,Yes,0,Not Graduate,No,2167,2400,115,360,1,Urban
LP002314,f,No,0,Not Graduate,No,2213,0,66,360,1,Rural
LP002315,Male,Yes,1,Graduate,No,8300,0,152,300,0,Semiurban
LP002317,Male,Yes,3+,Graduate,No,81000,0,360,360,0,Rural
LP002318,Female,No,1,Not Graduate,Yes,3867,0,62,360,1,Semiurban
LP002319,Male,Yes,0,Graduate,,6256,0,160,360,,Urban
LP002328,m,Yes,0,Not Graduate,No,6096,0,218,360,0,Rurall
LP002332,m,Yes,0,Not Graduate,No,2253,2033,110,360,1,Rural
LP002335,Female,Yes,0,Not Graduate,No,2149,3237,178,360,0,Semiurban
LP002337,Female,No,0,Graduate,No,2995,0,60,360,1,Urban
LP002341,Female,No,1,Graduate,No,2600,0,160,360,1,Urban
LP002342,Male,Yes,2,Graduate,Yes,1600,20000,239,360,1,Urban
LP002345,m,Yes,0,Graduate,No,1025,2773,112,360,1,Rurl
LP002347,Male,Yes,0,Graduate,No,3246,1417,138,360,1,Semurban
LP002348,Male,Yes,0,Graduate,No,5829,0,138,360,1,Rurl
LP002357,f,No,0,Not Graduate,No,2720,0,80,,0,Urban
LP002361,Male,Yes,0,Graduate,No,1820,1719,100,360,1,Urban
LP002362,Male,Yes,1,Graduate,No,7250,1667,110,,0,Urban
LP002364,m,Yes,0,Graduate,No,14880,0,96,360,1,Semiurban
LP002366,m,Yes,0,Graduate,No,2666,4300,121,360,1,Rural
LP002367,Female,No,1,Not Graduate,No,4606,0,81,360,1,Rural
LP002368,Male,Yes,2,Graduate,No,5935,0,133,360,1,Semiurban
LP002369,Male,Yes,0,Graduate,No,2920,16.12000084,87,360,1,Rural
LP002370,Male,No,0,Not Graduate,No,2717,0,60,180,1,Urban
LP002377,Female,No,1,Graduate,Yes,8624,0,150,360,1,Semiurban
LP002379,Male,No,0,Graduate,No,6500,0,105,360,0,Rural
LP002386,Male,No,0,Graduate,,12876,0,405,360,1,Semiurbn
LP002387,Male,Yes,0,Graduate,No,2425,2340,143,360,1,Semiurbn
LP002390,Male,No,0,Graduate,No,3750,0,100,360,1,Urben
LP002393,Female,,,Graduate,No,10047,0,,240,1,Semiurbn
LP002398,Male,No,0,Graduate,No,1926,1851,50,360,1,Semiurban
LP002401,m,Yes,0,Graduate,No,2213,1125,,360,1,Urban
LP002403,Male,No,0,Graduate,Yes,10416,0,187,360,0,Urban
LP002407,Female,Yes,0,Not Graduate,Yes,7142,0,138,360,1,Rural
LP002408,Male,No,0,Graduate,No,3660,5064,187,360,1,Semiurben
LP002409,Male,Yes,0,Graduate,No,7901,1833,180,360,1,Rural
LP002418,Male,No,3+,Not Graduate,No,4707,1993,148,360,1,Semurban
LP002422,m,No,1,Graduate,No,37719,0,152,360,1,Semiurban
LP002424,Male,Yes,0,Graduate,No,7333,8333,175,300,,Rural
LP002429,Male,Yes,1,Graduate,Yes,3466,1210,130,360,1,Rural
LP002434,m,Yes,2,Not Graduate,No,4652,0,110,360,1,Rural
LP002435,Male,Yes,0,Graduate,,3539,1376,55,360,1,Rural
LP002443,m,Yes,2,Graduate,No,3340,1710,150,360,0,Rural
LP002444,Male,No,1,Not Graduate,Yes,2769,1542,190,360,,Semiurban
LP002446,Male,Yes,2,Not Graduate,No,2309,1255,125,360,0,Rurl
LP002447,Male,Yes,2,Not Graduate,No,1958,1456,60,300,,Urbun
LP002448,Male,Yes,0,Graduate,No,3948,1733,149,360,0,Rural
LP002449,Male,Yes,0,Graduate,No,2483,2466,90,180,0,Rural
LP002453,Male,No,0,Graduate,Yes,7085,0,84,360,1,Semiurban
LP002455,m,Yes,2,Graduate,No,3859,0,96,360,1,Semiurban
LP002459,Male,Yes,0,Graduate,No,4301,0,118,360,1,Urban
LP002467,Male,Yes,0,Graduate,No,3708,2569,173,360,1,Urban
LP002472,Male,No,2,Graduate,No,4354,0,136,360,1,Rural
LP002473,m,Yes,0,Graduate,No,8334,0,160,360,1,Semiurbn
LP002478,,Yes,0,Graduate,Yes,2083,4083,160,360,,Semiurbn
LP002484,m,Yes,3+,Graduate,No,7740,0,128,180,1,Urban
LP002487,Male,Yes,0,Graduate,No,3015,2188,153,360,1,Rural
LP002489,Female,No,1,Not Graduate,,5191,0,132,360,1,Semiurban
LP002493,Male,No,0,Graduate,No,4166,0,98,360,0,Semiurban
LP002494,m,No,0,Graduate,No,6000,0,140,360,1,Rurl
LP002500,m,Yes,3+,Not Graduate,No,2947,1664,70,180,0,Urban
LP002501,,Yes,0,Graduate,No,16692,0,110,360,1,Semiurban
LP002502,Female,Yes,2,Not Graduate,,210,2917,98,360,1,Semiurban
LP002505,Male,Yes,0,Graduate,No,4333,2451,110,360,1,Urben
LP002515,Male,Yes,1,Graduate,Yes,3450,2079,162,360,1,Semiurban
LP002517,Male,Yes,1,Not Graduate,No,2653,1500,113,180,0,Rural
LP002519,m,Yes,3+,Graduate,No,4691,0,100,360,1,Semiurban
LP002522,f,No,0,Graduate,Yes,2500,0,93,360,,Urban
LP002524,Male,No,2,Graduate,No,5532,4648,162,360,1,Rural
LP002527,m,Yes,2,Graduate,Yes,16525,1014,150,360,1,Rural
LP002529,Male,Yes,2,Graduate,No,6700,1750,230,300,1,Semiurban
LP002530,,Yes,2,Graduate,No,2873,1872,132,360,0,Semiurbn
LP002531,m,Yes,1,Graduate,Yes,16667,2250,86,360,1,Semiurban
LP002533,Male,Yes,2,Graduate,No,2947,1603,,360,1,Urban
LP002534,Female,No,0,Not Graduate,No,4350,0,154,360,1,Rural
LP002536,Male,Yes,3+,Not Graduate,No,3095,0,113,360,1,Rural
LP002537,Male,Yes,0,Graduate,No,2083,3150,128,360,1,Semiurban
LP002541,Male,Yes,0,Graduate,No,10833,0,234,360,1,Semiurban
LP002543,Male,Yes,2,Graduate,No,8333,0,246,360,1,Semiurban
LP002544,Male,Yes,1,Not Graduate,No,1958,2436,131,360,1,Rural
LP002545,Male,No,2,Graduate,No,3547,0,80,360,0,Rural
LP002547,Male,Yes,1,Graduate,No,18333,0,500,360,1,Urban
LP002555,Male,Yes,2,Graduate,Yes,4583,2083,160,360,1,Semiurben
LP002556,m,No,0,Graduate,No,2435,0,75,360,1,Urban
LP002560,Male,No,0,Not Graduate,No,2699,2785,96,360,,Semiurban
LP002562,Male,Yes,1,Not Graduate,No,5333,1131,186,360,,Urban
LP002571,Male,No,0,Not Graduate,No,3691,0,110,360,1,Rural
LP002582,Female,No,0,Not Graduate,Yes,17263,0,225,360,1,Semiurban
LP002585,Male,Yes,0,Graduate,No,3597,2157,119,360,0,Rural
LP002586,Female,Yes,1,Graduate,No,3326,913,105,84,1,Semiurban
LP002587,Male,Yes,0,Not Graduate,No,2600,1700,107,360,1,Rural
LP002588,Male,Yes,0,Graduate,No,4625,2857,111,12,,Urban
LP002600,Male,Yes,1,Graduate,Yes,2895,0,95,360,1,Semiurban
LP002602,Male,No,0,Graduate,No,6283,4416,209,360,0,Rural
LP002603,f,No,0,Graduate,No,645,3683,113,480,1,Rural
LP002606,Female,No,0,Graduate,No,3159,0,100,360,1,Semurban
LP002615,m,Yes,2,Graduate,No,4865,5624,208,360,1,Semiurban
LP002618,Male,Yes,1,Not Graduate,No,4050,5302,138,360,,Rural
LP002619,Male,Yes,0,Not Graduate,No,3814,1483,124,300,1,Semiurban
LP002622,Male,Yes,2,Graduate,No,3510,4416,243,360,1,Rural
LP002624,Male,Yes,0,Graduate,No,20833,6667,480,360,,Urban
LP002625,,No,0,Graduate,No,3583,0,96,360,1,Urban
LP002626,m,Yes,0,Graduate,Yes,2479,3013,188,360,1,Urban
LP002634,f,No,1,Graduate,No,13262,0,40,360,1,Urban
LP002637,m,No,0,Not Graduate,No,3598,1287,100,360,1,Rural
LP002640,Male,Yes,1,Graduate,No,6065,2004,250,360,1,Semiurban
LP002643,Male,Yes,2,Graduate,No,3283,2035,148,360,1,Urban
LP002648,Male,Yes,0,Graduate,No,2130,6666,70,180,1,Semiurbn
LP002652,Male,No,0,Graduate,No,5815,3666,311,360,1,Rural
LP002659,Male,Yes,3+,Graduate,No,3466,3428,150,360,1,Rural
LP002670,Female,Yes,2,Graduate,No,2031,1632,113,480,1,Semiurban
LP002682,m,Yes,,Not Graduate,No,3074,1800,123,360,0,Semiurban
LP002683,m,No,0,Graduate,No,4683,1915,185,360,1,Semiurban
LP002684,Female,No,0,Not Graduate,No,3400,0,95,360,1,Rural
LP002689,Male,Yes,2,Not Graduate,No,2192,1742,45,360,1,Semiurban
LP002690,Male,No,0,Graduate,No,2500,0,55,360,1,Semiurbn
LP002692,Male,Yes,3+,Graduate,Yes,5677,1424,100,360,1,Rural
LP002693,Male,Yes,2,Graduate,Yes,7948,7166,480,360,1,Rurall
LP002697,Male,No,0,Graduate,No,4680,2087,,360,1,Semiurban
LP002699,Male,Yes,2,Graduate,Yes,17500,0,400,360,1,Rurl
LP002705,Male,Yes,0,Graduate,No,3775,0,110,360,1,Semiurban
LP002706,m,Yes,1,Not Graduate,No,5285,1430,161,360,0,Semiurban
LP002714,Male,No,1,Not Graduate,No,2679,1302,94,360,1,Semiurban
LP002716,Male,No,0,Not Graduate,No,6783,0,130,360,1,Semiurban
LP002717,Male,Yes,0,Graduate,No,1025,5500,216,360,,Rural
LP002720,Male,Yes,3+,Graduate,No,4281,0,100,360,1,Urban
LP002723,m,No,2,Graduate,No,3588,0,110,360,0,Rural
LP002729,Male,No,1,Graduate,No,11250,0,196,360,,Semiurban
LP002731,f,No,0,Not Graduate,Yes,18165,0,125,360,1,Urban
LP002732,m,No,0,Not Graduate,,2550,2042,126,360,1,Rural
LP002734,m,Yes,0,Graduate,No,6133,3906,324,360,1,Urban
LP002738,Male,No,2,Graduate,No,3617,0,107,360,1,Semiurbn
LP002739,m,Yes,0,Not Graduate,No,2917,536,66,360,1,Rural
LP002740,m,Yes,3+,Graduate,No,6417,0,157,180,1,Rurall
LP002741,Female,Yes,1,Graduate,No,4608,2845,140,180,1,Semiurban
LP002743,Female,No,0,Graduate,No,2138,0,99,360,0,Semiurban
LP002753,Female,No,1,Graduate,,3652,0,95,360,1,Semiurban
LP002755,Male,Yes,1,Not Graduate,No,2239,2524,128,360,1,Urban
LP002757,Female,Yes,0,Not Graduate,No,3017,663,102,360,,Semiurban
LP002767,m,Yes,0,Graduate,No,2768,1950,155,360,1,Rural
LP002768,Male,No,0,Not Graduate,No,3358,0,80,36,1,Semiurban
LP002772,Male,No,0,Graduate,No,2526,1783,145,360,1,Rural
LP002776,f,No,0,Graduate,No,5000,0,103,360,0,Semurban
LP002777,Male,Yes,0,Graduate,No,2785,2016,110,360,1,Rural
LP002778,Male,Yes,2,Graduate,Yes,6633,0,,360,0,Rural
LP002784,Male,Yes,1,Not Graduate,No,2492,2375,,360,1,Rural
LP002785,Male,Yes,1,Graduate,No,3333,3250,158,360,1,Urban
LP002788,Male,Yes,0,Not Graduate,No,2454,2333,181,360,0,Urban
LP002789,m,Yes,0,Graduate,No,3593,4266,132,180,0,Rural
LP002792,Male,Yes,1,Graduate,No,5468,1032,26,360,1,Semiurban
LP002794,Female,No,0,Graduate,No,2667,1625,84,360,,Urban
LP002795,Male,Yes,3+,Graduate,Yes,10139,0,260,360,1,Semiurban
LP002798,Male,Yes,0,Graduate,No,3887,2669,162,360,1,Semiurban
LP002804,Female,Yes,0,Graduate,No,4180,2306,182,360,1,Semiurban
LP002807,Male,Yes,2,Not Graduate,No,3675,242,108,360,1,Semiurban
LP002813,Female,Yes,1,Graduate,Yes,19484,0,600,360,1,Semiurban
LP002820,m,Yes,0,Graduate,No,5923,2054,211,360,1,Rural
LP002821,m,No,0,Not Graduate,Yes,5800,0,132,360,1,Semiurban
LP002832,m,Yes,2,Graduate,No,8799,0,258,360,0,Urban
LP002833,m,Yes,0,Not Graduate,No,4467,0,120,360,,Rual
LP002836,Male,No,0,Graduate,No,3333,0,70,360,1,Urban
LP002837,m,Yes,3+,Graduate,No,3400,2500,123,360,0,Rural
LP002840,Female,No,0,Graduate,No,2378,0,9,360,1,Urban
LP002841,Male,Yes,0,Graduate,No,3166,2064,104,360,0,Urban
LP002842,m,Yes,1,Graduate,No,3417,1750,186,360,1,Urban
LP002847,Male,Yes,,Graduate,No,5116,1451,165,360,0,Urban
LP002855,Male,Yes,2,Graduate,No,16666,0,275,360,1,Urban
LP002862,Male,Yes,2,Not Graduate,No,6125,1625,187,480,1,Semiurban
LP002863,Male,Yes,3+,Graduate,No,6406,0,150,360,1,Semiurban
LP002868,Male,Yes,2,Graduate,No,3159,461,108,84,1,Urbun
LP002872,,Yes,0,Graduate,No,3087,2210,136,360,0,Semiurban
LP002874,Male,No,0,Graduate,No,3229,2739,110,360,1,Urban
LP002877,Male,Yes,1,Graduate,No,1782,2232,107,360,1,Rural
LP002888,Male,No,0,Graduate,,3182,2917,161,360,1,Urban
LP002892,m,Yes,2,Graduate,No,6540,0,205,360,1,Semiurban
LP002893,m,No,0,Graduate,No,1836,33837,90,360,1,Urbun
LP002894,f,Yes,0,Graduate,No,3166,0,36,360,1,Semiurban
LP002898,Male,Yes,1,Graduate,No,1880,0,61,360,,Rural
LP002911,Male,Yes,1,Graduate,No,2787,1917,146,360,0,Rural
LP002912,Male,Yes,1,Graduate,No,4283,3000,172,84,1,Rural
LP002916,m,Yes,0,Graduate,No,2297,1522,104,360,1,Uban
LP002917,Female,No,0,Not Graduate,No,2165,0,70,360,1,Semiurban
LP002925,,No,0,Graduate,No,4750,0,94,360,1,Semiurban
LP002926,Male,Yes,2,Graduate,Yes,2726,0,106,360,0,Semiurbn
LP002928,Male,Yes,0,Graduate,No,3000,3416,56,180,1,Semiurban
LP002931,Male,Yes,2,Graduate,Yes,6000,0,205,240,1,Semiurban
LP002933,,No,3+,Graduate,Yes,9357,0,292,360,1,Semiurban
LP002936,m,Yes,0,Graduate,No,3859,3300,142,180,1,Rural
LP002938,m,Yes,0,Graduate,Yes,16120,0,260,360,1,Urban
LP002940,Male,No,0,Not Graduate,No,3833,0,110,360,1,Rural
LP002941,Male,Yes,2,Not Graduate,Yes,6383,1000,187,360,1,Rural
LP002943,m,No,,Graduate,No,2987,0,88,360,0,Semiurban
LP002945,m,Yes,0,Graduate,Yes,9963,0,180,360,1,Rural
LP002948,Male,Yes,2,Graduate,No,5780,0,192,360,1,Urban
LP002949,Female,No,3+,Graduate,,416,41667,350,180,,Urbn
LP002950,m,Yes,0,Not Graduate,,2894,2792,155,360,1,Rural
LP002953,m,Yes,3+,Graduate,No,5703,0,128,360,1,Urbn
LP002958,m,No,0,Graduate,No,3676,4301,172,360,1,Rural
LP002959,Female,Yes,1,Graduate,No,12000,0,496,360,1,Semiurban
LP002960,Male,Yes,0,Not Graduate,No,2400,3800,,180,1,Urban
LP002961,m,Yes,1,Graduate,No,3400,2500,173,360,1,Semiurban
LP002964,Male,Yes,2,Not Graduate,No,3987,1411,157,360,1,Rurl
LP002974,m,Yes,0,Graduate,No,3232,1950,108,360,1,Rural
LP002978,f,No,0,Graduate,No,2900,0,71,360,1,Rural
LP002979,Male,Yes,3+,Graduate,No,4106,0,40,180,1,Rural
LP002983,m,Yes,1,Graduate,No,8072,240,253,360,1,Urban
LP002984,m,Yes,2,Graduate,No,7583,0,187,360,1,Urban
LP002990,f,No,0,Graduate,Yes,4583,0,133,360,0,Semiurban
